{"data":[{"Properties":{"domain":"IT420REDTEAM.LOCAL","name":"WINDOWS10STANDA.IT420REDTEAM.LOCAL","distinguishedname":"CN=WINDOWS10STANDA,CN=COMPUTERS,DC=IT420REDTEAM,DC=LOCAL","domainsid":"S-1-5-21-2140697730-501725795-4172888089","samaccountname":"WINDOWS10STANDA$","haslaps":false,"isaclprotected":false,"whencreated":1740572750,"enabled":true,"unconstraineddelegation":false,"trustedtoauth":false,"isdc":false,"encryptedtextpwdallowed":false,"usedeskeyonly":false,"logonscriptenabled":false,"lockedout":false,"passwordexpired":false,"supportedencryptiontypes":["RC4-HMAC-MD5","AES128-CTS-HMAC-SHA1-96","AES256-CTS-HMAC-SHA1-96"],"lastlogon":1740621571,"lastlogontimestamp":1740601551,"pwdlastset":1740601550,"serviceprincipalnames":["RestrictedKrbHost/WINDOWS10STANDA","HOST/WINDOWS10STANDA","RestrictedKrbHost/Windows10Standa.IT420RedTeam.local","HOST/Windows10Standa.IT420RedTeam.local"],"email":null,"useraccountcontrol":4096,"operatingsystem":"Windows 10 Enterprise Evaluation","sidhistory":[]},"PrimaryGroupSID":"S-1-5-21-2140697730-501725795-4172888089-515","AllowedToDelegate":[],"AllowedToAct":[],"HasSIDHistory":[],"DumpSMSAPassword":[],"Sessions":{"Results":[],"Collected":false,"FailureReason":null},"PrivilegedSessions":{"Results":[],"Collected":false,"FailureReason":null},"RegistrySessions":{"Results":[],"Collected":false,"FailureReason":null},"LocalGroups":[],"UserRights":[],"DCRegistryData":{"CertificateMappingMethods":null,"StrongCertificateBindingEnforcement":null},"Status":{"Connectable":false,"Error":"PortNotOpen"},"IsDC":false,"UnconstrainedDelegation":false,"DomainSID":"S-1-5-21-2140697730-501725795-4172888089","Aces":[{"PrincipalSID":"S-1-5-21-2140697730-501725795-4172888089-512","PrincipalType":"Group","RightName":"Owns","IsInherited":false,"InheritanceHash":""},{"PrincipalSID":"IT420REDTEAM.LOCAL-S-1-5-32-548","PrincipalType":"Group","RightName":"GenericAll","IsInherited":false,"InheritanceHash":""},{"PrincipalSID":"S-1-5-21-2140697730-501725795-4172888089-512","PrincipalType":"Group","RightName":"GenericAll","IsInherited":false,"InheritanceHash":""},{"PrincipalSID":"S-1-5-21-2140697730-501725795-4172888089-1104","PrincipalType":"User","RightName":"WriteAccountRestrictions","IsInherited":false,"InheritanceHash":""},{"PrincipalSID":"S-1-5-21-2140697730-501725795-4172888089-526","PrincipalType":"Group","RightName":"AddKeyCredentialLink","IsInherited":true,"InheritanceHash":"222A3045AAF14E501A8702596A7E5893B969F19E"},{"PrincipalSID":"S-1-5-21-2140697730-501725795-4172888089-527","PrincipalType":"Group","RightName":"AddKeyCredentialLink","IsInherited":true,"InheritanceHash":"72B1DF43741CD4FC9852E648C2BBDFC8F94E7B7B"},{"PrincipalSID":"S-1-5-21-2140697730-501725795-4172888089-519","PrincipalType":"Group","RightName":"GenericAll","IsInherited":true,"InheritanceHash":"E9E36CAC6CDBA5D3D100B6790027BA209E0E28A1"},{"PrincipalSID":"IT420REDTEAM.LOCAL-S-1-5-32-544","PrincipalType":"Group","RightName":"WriteDacl","IsInherited":true,"InheritanceHash":"62C26D4FB3FF64505B03CDD35D648DFBC6C157CC"},{"PrincipalSID":"IT420REDTEAM.LOCAL-S-1-5-32-544","PrincipalType":"Group","RightName":"WriteOwner","IsInherited":true,"InheritanceHash":"62C26D4FB3FF64505B03CDD35D648DFBC6C157CC"},{"PrincipalSID":"IT420REDTEAM.LOCAL-S-1-5-32-544","PrincipalType":"Group","RightName":"GenericWrite","IsInherited":true,"InheritanceHash":"62C26D4FB3FF64505B03CDD35D648DFBC6C157CC"}],"ObjectIdentifier":"S-1-5-21-2140697730-501725795-4172888089-1111","IsDeleted":false,"IsACLProtected":false,"ContainedBy":{"ObjectIdentifier":"7D178075-5F8A-400D-8992-02DF06F582FA","ObjectType":"Container"}},{"Properties":{"domain":"IT420REDTEAM.LOCAL","name":"WIN-MFP75HQ19AU.IT420REDTEAM.LOCAL","distinguishedname":"CN=WIN-MFP75HQ19AU,OU=DOMAIN CONTROLLERS,DC=IT420REDTEAM,DC=LOCAL","domainsid":"S-1-5-21-2140697730-501725795-4172888089","samaccountname":"WIN-MFP75HQ19AU$","haslaps":false,"isaclprotected":false,"whencreated":1740078306,"enabled":true,"unconstraineddelegation":true,"trustedtoauth":false,"isdc":true,"encryptedtextpwdallowed":false,"usedeskeyonly":false,"logonscriptenabled":false,"lockedout":false,"passwordexpired":false,"supportedencryptiontypes":["RC4-HMAC-MD5","AES128-CTS-HMAC-SHA1-96","AES256-CTS-HMAC-SHA1-96"],"lastlogon":1740622236,"lastlogontimestamp":1740107142,"pwdlastset":1740107107,"serviceprincipalnames":["Dfsr-12F9A27C-BF97-4787-9364-D31B6C55EB04/WIN-MFP75HQ19AU.IT420RedTeam.local","ldap/WIN-MFP75HQ19AU.IT420RedTeam.local/ForestDnsZones.IT420RedTeam.local","ldap/WIN-MFP75HQ19AU.IT420RedTeam.local/DomainDnsZones.IT420RedTeam.local","DNS/WIN-MFP75HQ19AU.IT420RedTeam.local","GC/WIN-MFP75HQ19AU.IT420RedTeam.local/IT420RedTeam.local","RestrictedKrbHost/WIN-MFP75HQ19AU.IT420RedTeam.local","RestrictedKrbHost/WIN-MFP75HQ19AU","RPC/0a4dc10a-1fef-4463-a113-4aea1c11e9ba._msdcs.IT420RedTeam.local","HOST/WIN-MFP75HQ19AU/IT420REDTEAM","HOST/WIN-MFP75HQ19AU.IT420RedTeam.local/IT420REDTEAM","HOST/WIN-MFP75HQ19AU","HOST/WIN-MFP75HQ19AU.IT420RedTeam.local","HOST/WIN-MFP75HQ19AU.IT420RedTeam.local/IT420RedTeam.local","E3514235-4B06-11D1-AB04-00C04FC2DCD2/0a4dc10a-1fef-4463-a113-4aea1c11e9ba/IT420RedTeam.local","ldap/WIN-MFP75HQ19AU/IT420REDTEAM","ldap/0a4dc10a-1fef-4463-a113-4aea1c11e9ba._msdcs.IT420RedTeam.local","ldap/WIN-MFP75HQ19AU.IT420RedTeam.local/IT420REDTEAM","ldap/WIN-MFP75HQ19AU","ldap/WIN-MFP75HQ19AU.IT420RedTeam.local","ldap/WIN-MFP75HQ19AU.IT420RedTeam.local/IT420RedTeam.local"],"email":null,"useraccountcontrol":532480,"operatingsystem":"Windows Server 2025 Standard Evaluation","sidhistory":[]},"PrimaryGroupSID":"S-1-5-21-2140697730-501725795-4172888089-516","AllowedToDelegate":[],"AllowedToAct":[],"HasSIDHistory":[],"DumpSMSAPassword":[],"Sessions":{"Results":[],"Collected":true,"FailureReason":null},"PrivilegedSessions":{"Results":[{"UserSID":"S-1-5-21-2140697730-501725795-4172888089-500","ComputerSID":"S-1-5-21-2140697730-501725795-4172888089-1000"}],"Collected":true,"FailureReason":null},"RegistrySessions":{"Results":[{"UserSID":"S-1-5-21-2140697730-501725795-4172888089-500","ComputerSID":"S-1-5-21-2140697730-501725795-4172888089-1000"}],"Collected":true,"FailureReason":null},"LocalGroups":[{"ObjectIdentifier":"IT420REDTEAM.LOCAL-S-1-5-32-544","Name":"IGNOREME","Results":[{"ObjectIdentifier":"S-1-5-21-2140697730-501725795-4172888089-500","ObjectType":"User"},{"ObjectIdentifier":"S-1-5-21-2140697730-501725795-4172888089-519","ObjectType":"Group"},{"ObjectIdentifier":"S-1-5-21-2140697730-501725795-4172888089-512","ObjectType":"Group"},{"ObjectIdentifier":"S-1-5-21-2140697730-501725795-4172888089-1104","ObjectType":"User"}],"LocalNames":[],"Collected":true,"FailureReason":null},{"ObjectIdentifier":"IT420REDTEAM.LOCAL-S-1-5-32-545","Name":"IGNOREME","Results":[{"ObjectIdentifier":"IT420REDTEAM.LOCAL-S-1-5-11","ObjectType":"Group"},{"ObjectIdentifier":"S-1-5-21-2140697730-501725795-4172888089-513","ObjectType":"Group"}],"LocalNames":[],"Collected":true,"FailureReason":null},{"ObjectIdentifier":"IT420REDTEAM.LOCAL-S-1-5-32-546","Name":"IGNOREME","Results":[{"ObjectIdentifier":"S-1-5-21-2140697730-501725795-4172888089-501","ObjectType":"User"},{"ObjectIdentifier":"S-1-5-21-2140697730-501725795-4172888089-514","ObjectType":"Group"}],"LocalNames":[],"Collected":true,"FailureReason":null},{"ObjectIdentifier":"IT420REDTEAM.LOCAL-S-1-5-32-550","Name":"IGNOREME","Results":[],"LocalNames":[],"Collected":true,"FailureReason":null},{"ObjectIdentifier":"IT420REDTEAM.LOCAL-S-1-5-32-551","Name":"IGNOREME","Results":[],"LocalNames":[],"Collected":true,"FailureReason":null},{"ObjectIdentifier":"IT420REDTEAM.LOCAL-S-1-5-32-552","Name":"IGNOREME","Results":[],"LocalNames":[],"Collected":true,"FailureReason":null},{"ObjectIdentifier":"IT420REDTEAM.LOCAL-S-1-5-32-555","Name":"IGNOREME","Results":[],"LocalNames":[],"Collected":true,"FailureReason":null},{"ObjectIdentifier":"IT420REDTEAM.LOCAL-S-1-5-32-556","Name":"IGNOREME","Results":[],"LocalNames":[],"Collected":true,"FailureReason":null},{"ObjectIdentifier":"IT420REDTEAM.LOCAL-S-1-5-32-558","Name":"IGNOREME","Results":[],"LocalNames":[],"Collected":true,"FailureReason":null},{"ObjectIdentifier":"IT420REDTEAM.LOCAL-S-1-5-32-559","Name":"IGNOREME","Results":[],"LocalNames":[],"Collected":true,"FailureReason":null},{"ObjectIdentifier":"IT420REDTEAM.LOCAL-S-1-5-32-562","Name":"IGNOREME","Results":[],"LocalNames":[],"Collected":true,"FailureReason":null},{"ObjectIdentifier":"IT420REDTEAM.LOCAL-S-1-5-32-568","Name":"IGNOREME","Results":[{"ObjectIdentifier":"IT420REDTEAM.LOCAL-S-1-5-17","ObjectType":"User"}],"LocalNames":[],"Collected":true,"FailureReason":null},{"ObjectIdentifier":"IT420REDTEAM.LOCAL-S-1-5-32-569","Name":"IGNOREME","Results":[],"LocalNames":[],"Collected":true,"FailureReason":null},{"ObjectIdentifier":"IT420REDTEAM.LOCAL-S-1-5-32-573","Name":"IGNOREME","Results":[],"LocalNames":[],"Collected":true,"FailureReason":null},{"ObjectIdentifier":"IT420REDTEAM.LOCAL-S-1-5-32-574","Name":"IGNOREME","Results":[],"LocalNames":[],"Collected":true,"FailureReason":null},{"ObjectIdentifier":"IT420REDTEAM.LOCAL-S-1-5-32-575","Name":"IGNOREME","Results":[],"LocalNames":[],"Collected":true,"FailureReason":null},{"ObjectIdentifier":"IT420REDTEAM.LOCAL-S-1-5-32-576","Name":"IGNOREME","Results":[],"LocalNames":[],"Collected":true,"FailureReason":null},{"ObjectIdentifier":"IT420REDTEAM.LOCAL-S-1-5-32-577","Name":"IGNOREME","Results":[],"LocalNames":[],"Collected":true,"FailureReason":null},{"ObjectIdentifier":"IT420REDTEAM.LOCAL-S-1-5-32-578","Name":"IGNOREME","Results":[],"LocalNames":[],"Collected":true,"FailureReason":null},{"ObjectIdentifier":"IT420REDTEAM.LOCAL-S-1-5-32-579","Name":"IGNOREME","Results":[],"LocalNames":[],"Collected":true,"FailureReason":null},{"ObjectIdentifier":"IT420REDTEAM.LOCAL-S-1-5-32-580","Name":"IGNOREME","Results":[],"LocalNames":[],"Collected":true,"FailureReason":null},{"ObjectIdentifier":"IT420REDTEAM.LOCAL-S-1-5-32-582","Name":"IGNOREME","Results":[],"LocalNames":[],"Collected":true,"FailureReason":null},{"ObjectIdentifier":"S-1-5-21-2140697730-501725795-4172888089-1000-585","Name":"IGNOREME","Results":[],"LocalNames":[],"Collected":true,"FailureReason":null},{"ObjectIdentifier":"IT420REDTEAM.LOCAL-S-1-5-32-549","Name":"IGNOREME","Results":[],"LocalNames":[],"Collected":true,"FailureReason":null},{"ObjectIdentifier":"IT420REDTEAM.LOCAL-S-1-5-32-548","Name":"IGNOREME","Results":[],"LocalNames":[],"Collected":true,"FailureReason":null},{"ObjectIdentifier":"IT420REDTEAM.LOCAL-S-1-5-32-554","Name":"IGNOREME","Results":[{"ObjectIdentifier":"IT420REDTEAM.LOCAL-S-1-5-11","ObjectType":"Group"}],"LocalNames":[],"Collected":true,"FailureReason":null},{"ObjectIdentifier":"IT420REDTEAM.LOCAL-S-1-5-32-557","Name":"IGNOREME","Results":[],"LocalNames":[],"Collected":true,"FailureReason":null},{"ObjectIdentifier":"IT420REDTEAM.LOCAL-S-1-5-32-560","Name":"IGNOREME","Results":[{"ObjectIdentifier":"IT420REDTEAM.LOCAL-S-1-5-9","ObjectType":"Group"}],"LocalNames":[],"Collected":true,"FailureReason":null},{"ObjectIdentifier":"IT420REDTEAM.LOCAL-S-1-5-32-561","Name":"IGNOREME","Results":[],"LocalNames":[],"Collected":true,"FailureReason":null}],"UserRights":[{"Privilege":"SeRemoteInteractiveLogonRight","Results":[{"ObjectIdentifier":"IT420REDTEAM.LOCAL-S-1-5-32-544","ObjectType":"Group"}],"LocalNames":[],"Collected":true,"FailureReason":null}],"DCRegistryData":{"CertificateMappingMethods":{"Value":-1,"Collected":true,"FailureReason":null},"StrongCertificateBindingEnforcement":{"Value":-1,"Collected":true,"FailureReason":null}},"Status":null,"IsDC":true,"UnconstrainedDelegation":true,"DomainSID":"S-1-5-21-2140697730-501725795-4172888089","Aces":[{"PrincipalSID":"S-1-5-21-2140697730-501725795-4172888089-512","PrincipalType":"Group","RightName":"Owns","IsInherited":false,"InheritanceHash":""},{"PrincipalSID":"S-1-5-21-2140697730-501725795-4172888089-512","PrincipalType":"Group","RightName":"GenericAll","IsInherited":false,"InheritanceHash":""},{"PrincipalSID":"S-1-5-21-2140697730-501725795-4172888089-512","PrincipalType":"Group","RightName":"WriteAccountRestrictions","IsInherited":false,"InheritanceHash":""},{"PrincipalSID":"S-1-5-21-2140697730-501725795-4172888089-526","PrincipalType":"Group","RightName":"AddKeyCredentialLink","IsInherited":true,"InheritanceHash":"222A3045AAF14E501A8702596A7E5893B969F19E"},{"PrincipalSID":"S-1-5-21-2140697730-501725795-4172888089-527","PrincipalType":"Group","RightName":"AddKeyCredentialLink","IsInherited":true,"InheritanceHash":"72B1DF43741CD4FC9852E648C2BBDFC8F94E7B7B"},{"PrincipalSID":"S-1-5-21-2140697730-501725795-4172888089-519","PrincipalType":"Group","RightName":"GenericAll","IsInherited":true,"InheritanceHash":"E9E36CAC6CDBA5D3D100B6790027BA209E0E28A1"},{"PrincipalSID":"IT420REDTEAM.LOCAL-S-1-5-32-544","PrincipalType":"Group","RightName":"WriteDacl","IsInherited":true,"InheritanceHash":"62C26D4FB3FF64505B03CDD35D648DFBC6C157CC"},{"PrincipalSID":"IT420REDTEAM.LOCAL-S-1-5-32-544","PrincipalType":"Group","RightName":"WriteOwner","IsInherited":true,"InheritanceHash":"62C26D4FB3FF64505B03CDD35D648DFBC6C157CC"},{"PrincipalSID":"IT420REDTEAM.LOCAL-S-1-5-32-544","PrincipalType":"Group","RightName":"GenericWrite","IsInherited":true,"InheritanceHash":"62C26D4FB3FF64505B03CDD35D648DFBC6C157CC"}],"ObjectIdentifier":"S-1-5-21-2140697730-501725795-4172888089-1000","IsDeleted":false,"IsACLProtected":false,"ContainedBy":{"ObjectIdentifier":"AE89948F-03A2-4CF8-B259-934BF778D858","ObjectType":"OU"}}],"meta":{"methods":521215,"type":"computers","count":2,"version":6,"collectorversion":"2.5.13.0"}}