{"data":[{"Properties":{"domain":"IT420REDTEAM.LOCAL","name":"GUEST@IT420REDTEAM.LOCAL","distinguishedname":"CN=GUEST,CN=USERS,DC=IT420REDTEAM,DC=LOCAL","domainsid":"S-1-5-21-2140697730-501725795-4172888089","samaccountname":"Guest","isaclprotected":false,"description":"Built-in account for guest access to the computer/domain","whencreated":1740078189,"sensitive":false,"dontreqpreauth":false,"passwordnotreqd":true,"unconstraineddelegation":false,"pwdneverexpires":true,"enabled":false,"trustedtoauth":false,"smartcardrequired":false,"encryptedtextpwdallowed":false,"usedeskeyonly":false,"logonscriptenabled":false,"lockedout":false,"passwordcantchange":false,"passwordexpired":false,"lastlogon":0,"lastlogontimestamp":-1,"pwdlastset":0,"serviceprincipalnames":[],"hasspn":false,"displayname":null,"email":null,"title":null,"homedirectory":null,"userpassword":null,"unixpassword":null,"unicodepassword":null,"sfupassword":null,"logonscript":null,"useraccountcontrol":66082,"profilepath":null,"admincount":false,"supportedencryptiontypes":null,"sidhistory":[]},"AllowedToDelegate":[],"PrimaryGroupSID":"S-1-5-21-2140697730-501725795-4172888089-514","HasSIDHistory":[],"SPNTargets":[],"UnconstrainedDelegation":false,"DomainSID":"S-1-5-21-2140697730-501725795-4172888089","Aces":[{"PrincipalSID":"IT420REDTEAM.LOCAL-S-1-5-32-544","PrincipalType":"Group","RightName":"Owns","IsInherited":false,"InheritanceHash":""},{"PrincipalSID":"IT420REDTEAM.LOCAL-S-1-5-32-548","PrincipalType":"Group","RightName":"GenericAll","IsInherited":false,"InheritanceHash":""},{"PrincipalSID":"S-1-5-21-2140697730-501725795-4172888089-512","PrincipalType":"Group","RightName":"GenericAll","IsInherited":false,"InheritanceHash":""},{"PrincipalSID":"S-1-5-21-2140697730-501725795-4172888089-526","PrincipalType":"Group","RightName":"AddKeyCredentialLink","IsInherited":true,"InheritanceHash":"222A3045AAF14E501A8702596A7E5893B969F19E"},{"PrincipalSID":"S-1-5-21-2140697730-501725795-4172888089-527","PrincipalType":"Group","RightName":"AddKeyCredentialLink","IsInherited":true,"InheritanceHash":"72B1DF43741CD4FC9852E648C2BBDFC8F94E7B7B"},{"PrincipalSID":"S-1-5-21-2140697730-501725795-4172888089-519","PrincipalType":"Group","RightName":"GenericAll","IsInherited":true,"InheritanceHash":"E9E36CAC6CDBA5D3D100B6790027BA209E0E28A1"},{"PrincipalSID":"IT420REDTEAM.LOCAL-S-1-5-32-544","PrincipalType":"Group","RightName":"WriteDacl","IsInherited":true,"InheritanceHash":"62C26D4FB3FF64505B03CDD35D648DFBC6C157CC"},{"PrincipalSID":"IT420REDTEAM.LOCAL-S-1-5-32-544","PrincipalType":"Group","RightName":"WriteOwner","IsInherited":true,"InheritanceHash":"62C26D4FB3FF64505B03CDD35D648DFBC6C157CC"},{"PrincipalSID":"IT420REDTEAM.LOCAL-S-1-5-32-544","PrincipalType":"Group","RightName":"AllExtendedRights","IsInherited":true,"InheritanceHash":"62C26D4FB3FF64505B03CDD35D648DFBC6C157CC"},{"PrincipalSID":"IT420REDTEAM.LOCAL-S-1-5-32-544","PrincipalType":"Group","RightName":"GenericWrite","IsInherited":true,"InheritanceHash":"62C26D4FB3FF64505B03CDD35D648DFBC6C157CC"}],"ObjectIdentifier":"S-1-5-21-2140697730-501725795-4172888089-501","IsDeleted":false,"IsACLProtected":false,"ContainedBy":{"ObjectIdentifier":"B0B13EE7-715F-487C-938F-09A6CDE6F9A6","ObjectType":"Container"}},{"Properties":{"domain":"IT420REDTEAM.LOCAL","name":"ADMINISTRATOR@IT420REDTEAM.LOCAL","distinguishedname":"CN=ADMINISTRATOR,CN=USERS,DC=IT420REDTEAM,DC=LOCAL","domainsid":"S-1-5-21-2140697730-501725795-4172888089","samaccountname":"Administrator","isaclprotected":true,"description":"Built-in account for administering the computer/domain","whencreated":1740078189,"sensitive":false,"dontreqpreauth":false,"passwordnotreqd":false,"unconstraineddelegation":false,"pwdneverexpires":true,"enabled":true,"trustedtoauth":false,"smartcardrequired":false,"encryptedtextpwdallowed":false,"usedeskeyonly":false,"logonscriptenabled":false,"lockedout":false,"passwordcantchange":false,"passwordexpired":false,"lastlogon":1740622261,"lastlogontimestamp":1740107448,"pwdlastset":1740104276,"serviceprincipalnames":[],"hasspn":false,"displayname":null,"email":null,"title":null,"homedirectory":null,"userpassword":null,"unixpassword":null,"unicodepassword":null,"sfupassword":null,"logonscript":null,"useraccountcontrol":66048,"profilepath":null,"admincount":true,"supportedencryptiontypes":null,"sidhistory":[]},"AllowedToDelegate":[],"PrimaryGroupSID":"S-1-5-21-2140697730-501725795-4172888089-513","HasSIDHistory":[],"SPNTargets":[],"UnconstrainedDelegation":false,"DomainSID":"S-1-5-21-2140697730-501725795-4172888089","Aces":[{"PrincipalSID":"S-1-5-21-2140697730-501725795-4172888089-512","PrincipalType":"Group","RightName":"Owns","IsInherited":false,"InheritanceHash":""},{"PrincipalSID":"IT420REDTEAM.LOCAL-S-1-5-32-544","PrincipalType":"Group","RightName":"WriteDacl","IsInherited":false,"InheritanceHash":""},{"PrincipalSID":"IT420REDTEAM.LOCAL-S-1-5-32-544","PrincipalType":"Group","RightName":"WriteOwner","IsInherited":false,"InheritanceHash":""},{"PrincipalSID":"IT420REDTEAM.LOCAL-S-1-5-32-544","PrincipalType":"Group","RightName":"AllExtendedRights","IsInherited":false,"InheritanceHash":""},{"PrincipalSID":"IT420REDTEAM.LOCAL-S-1-5-32-544","PrincipalType":"Group","RightName":"GenericWrite","IsInherited":false,"InheritanceHash":""},{"PrincipalSID":"S-1-5-21-2140697730-501725795-4172888089-512","PrincipalType":"Group","RightName":"WriteDacl","IsInherited":false,"InheritanceHash":""},{"PrincipalSID":"S-1-5-21-2140697730-501725795-4172888089-512","PrincipalType":"Group","RightName":"WriteOwner","IsInherited":false,"InheritanceHash":""},{"PrincipalSID":"S-1-5-21-2140697730-501725795-4172888089-512","PrincipalType":"Group","RightName":"AllExtendedRights","IsInherited":false,"InheritanceHash":""},{"PrincipalSID":"S-1-5-21-2140697730-501725795-4172888089-512","PrincipalType":"Group","RightName":"GenericWrite","IsInherited":false,"InheritanceHash":""},{"PrincipalSID":"S-1-5-21-2140697730-501725795-4172888089-519","PrincipalType":"Group","RightName":"WriteDacl","IsInherited":false,"InheritanceHash":""},{"PrincipalSID":"S-1-5-21-2140697730-501725795-4172888089-519","PrincipalType":"Group","RightName":"WriteOwner","IsInherited":false,"InheritanceHash":""},{"PrincipalSID":"S-1-5-21-2140697730-501725795-4172888089-519","PrincipalType":"Group","RightName":"AllExtendedRights","IsInherited":false,"InheritanceHash":""},{"PrincipalSID":"S-1-5-21-2140697730-501725795-4172888089-519","PrincipalType":"Group","RightName":"GenericWrite","IsInherited":false,"InheritanceHash":""}],"ObjectIdentifier":"S-1-5-21-2140697730-501725795-4172888089-500","IsDeleted":false,"IsACLProtected":true,"ContainedBy":{"ObjectIdentifier":"B0B13EE7-715F-487C-938F-09A6CDE6F9A6","ObjectType":"Container"}},{"Properties":{"domain":"IT420REDTEAM.LOCAL","name":"CEBUELA@IT420REDTEAM.LOCAL","distinguishedname":"CN=CHANCE EBUELA,OU=VEENDORS,DC=IT420REDTEAM,DC=LOCAL","domainsid":"S-1-5-21-2140697730-501725795-4172888089","samaccountname":"cebuela","isaclprotected":false,"whencreated":1740081863,"sensitive":false,"dontreqpreauth":false,"passwordnotreqd":false,"unconstraineddelegation":false,"pwdneverexpires":false,"enabled":true,"trustedtoauth":false,"smartcardrequired":false,"encryptedtextpwdallowed":false,"usedeskeyonly":false,"logonscriptenabled":false,"lockedout":false,"passwordcantchange":false,"passwordexpired":false,"lastlogon":1740619095,"lastlogontimestamp":1740110769,"pwdlastset":1740110951,"serviceprincipalnames":[],"hasspn":false,"displayname":"Chance Ebuela","email":null,"title":null,"homedirectory":null,"userpassword":null,"unixpassword":null,"unicodepassword":null,"sfupassword":null,"logonscript":null,"useraccountcontrol":512,"profilepath":null,"admincount":false,"supportedencryptiontypes":null,"sidhistory":[]},"AllowedToDelegate":[],"PrimaryGroupSID":"S-1-5-21-2140697730-501725795-4172888089-513","HasSIDHistory":[],"SPNTargets":[],"UnconstrainedDelegation":false,"DomainSID":"S-1-5-21-2140697730-501725795-4172888089","Aces":[{"PrincipalSID":"S-1-5-21-2140697730-501725795-4172888089-512","PrincipalType":"Group","RightName":"Owns","IsInherited":false,"InheritanceHash":""},{"PrincipalSID":"IT420REDTEAM.LOCAL-S-1-5-32-548","PrincipalType":"Group","RightName":"GenericAll","IsInherited":false,"InheritanceHash":""},{"PrincipalSID":"S-1-5-21-2140697730-501725795-4172888089-512","PrincipalType":"Group","RightName":"GenericAll","IsInherited":false,"InheritanceHash":""},{"PrincipalSID":"S-1-5-21-2140697730-501725795-4172888089-526","PrincipalType":"Group","RightName":"AddKeyCredentialLink","IsInherited":true,"InheritanceHash":"222A3045AAF14E501A8702596A7E5893B969F19E"},{"PrincipalSID":"S-1-5-21-2140697730-501725795-4172888089-527","PrincipalType":"Group","RightName":"AddKeyCredentialLink","IsInherited":true,"InheritanceHash":"72B1DF43741CD4FC9852E648C2BBDFC8F94E7B7B"},{"PrincipalSID":"S-1-5-21-2140697730-501725795-4172888089-519","PrincipalType":"Group","RightName":"GenericAll","IsInherited":true,"InheritanceHash":"E9E36CAC6CDBA5D3D100B6790027BA209E0E28A1"},{"PrincipalSID":"IT420REDTEAM.LOCAL-S-1-5-32-544","PrincipalType":"Group","RightName":"WriteDacl","IsInherited":true,"InheritanceHash":"62C26D4FB3FF64505B03CDD35D648DFBC6C157CC"},{"PrincipalSID":"IT420REDTEAM.LOCAL-S-1-5-32-544","PrincipalType":"Group","RightName":"WriteOwner","IsInherited":true,"InheritanceHash":"62C26D4FB3FF64505B03CDD35D648DFBC6C157CC"},{"PrincipalSID":"IT420REDTEAM.LOCAL-S-1-5-32-544","PrincipalType":"Group","RightName":"AllExtendedRights","IsInherited":true,"InheritanceHash":"62C26D4FB3FF64505B03CDD35D648DFBC6C157CC"},{"PrincipalSID":"IT420REDTEAM.LOCAL-S-1-5-32-544","PrincipalType":"Group","RightName":"GenericWrite","IsInherited":true,"InheritanceHash":"62C26D4FB3FF64505B03CDD35D648DFBC6C157CC"}],"ObjectIdentifier":"S-1-5-21-2140697730-501725795-4172888089-1104","IsDeleted":false,"IsACLProtected":false,"ContainedBy":{"ObjectIdentifier":"A6618D8C-3465-498C-BF18-C418BFEE79BA","ObjectType":"OU"}},{"Properties":{"domain":"IT420REDTEAM.LOCAL","name":"IFLORES@IT420REDTEAM.LOCAL","distinguishedname":"CN=IAN FLORES,CN=USERS,DC=IT420REDTEAM,DC=LOCAL","domainsid":"S-1-5-21-2140697730-501725795-4172888089","samaccountname":"iflores","isaclprotected":false,"whencreated":1740082276,"sensitive":false,"dontreqpreauth":false,"passwordnotreqd":false,"unconstraineddelegation":false,"pwdneverexpires":false,"enabled":true,"trustedtoauth":false,"smartcardrequired":false,"encryptedtextpwdallowed":false,"usedeskeyonly":false,"logonscriptenabled":false,"lockedout":false,"passwordcantchange":false,"passwordexpired":false,"lastlogon":1740503529,"lastlogontimestamp":1740110903,"pwdlastset":1740111076,"serviceprincipalnames":[],"hasspn":false,"displayname":"Ian Flores","email":null,"title":null,"homedirectory":null,"userpassword":null,"unixpassword":null,"unicodepassword":null,"sfupassword":null,"logonscript":null,"useraccountcontrol":512,"profilepath":null,"admincount":false,"supportedencryptiontypes":null,"sidhistory":[]},"AllowedToDelegate":[],"PrimaryGroupSID":"S-1-5-21-2140697730-501725795-4172888089-513","HasSIDHistory":[],"SPNTargets":[],"UnconstrainedDelegation":false,"DomainSID":"S-1-5-21-2140697730-501725795-4172888089","Aces":[{"PrincipalSID":"S-1-5-21-2140697730-501725795-4172888089-512","PrincipalType":"Group","RightName":"Owns","IsInherited":false,"InheritanceHash":""},{"PrincipalSID":"IT420REDTEAM.LOCAL-S-1-5-32-548","PrincipalType":"Group","RightName":"GenericAll","IsInherited":false,"InheritanceHash":""},{"PrincipalSID":"S-1-5-21-2140697730-501725795-4172888089-512","PrincipalType":"Group","RightName":"GenericAll","IsInherited":false,"InheritanceHash":""},{"PrincipalSID":"S-1-5-21-2140697730-501725795-4172888089-526","PrincipalType":"Group","RightName":"AddKeyCredentialLink","IsInherited":true,"InheritanceHash":"222A3045AAF14E501A8702596A7E5893B969F19E"},{"PrincipalSID":"S-1-5-21-2140697730-501725795-4172888089-527","PrincipalType":"Group","RightName":"AddKeyCredentialLink","IsInherited":true,"InheritanceHash":"72B1DF43741CD4FC9852E648C2BBDFC8F94E7B7B"},{"PrincipalSID":"S-1-5-21-2140697730-501725795-4172888089-519","PrincipalType":"Group","RightName":"GenericAll","IsInherited":true,"InheritanceHash":"E9E36CAC6CDBA5D3D100B6790027BA209E0E28A1"},{"PrincipalSID":"IT420REDTEAM.LOCAL-S-1-5-32-544","PrincipalType":"Group","RightName":"WriteDacl","IsInherited":true,"InheritanceHash":"62C26D4FB3FF64505B03CDD35D648DFBC6C157CC"},{"PrincipalSID":"IT420REDTEAM.LOCAL-S-1-5-32-544","PrincipalType":"Group","RightName":"WriteOwner","IsInherited":true,"InheritanceHash":"62C26D4FB3FF64505B03CDD35D648DFBC6C157CC"},{"PrincipalSID":"IT420REDTEAM.LOCAL-S-1-5-32-544","PrincipalType":"Group","RightName":"AllExtendedRights","IsInherited":true,"InheritanceHash":"62C26D4FB3FF64505B03CDD35D648DFBC6C157CC"},{"PrincipalSID":"IT420REDTEAM.LOCAL-S-1-5-32-544","PrincipalType":"Group","RightName":"GenericWrite","IsInherited":true,"InheritanceHash":"62C26D4FB3FF64505B03CDD35D648DFBC6C157CC"}],"ObjectIdentifier":"S-1-5-21-2140697730-501725795-4172888089-1105","IsDeleted":false,"IsACLProtected":false,"ContainedBy":{"ObjectIdentifier":"B0B13EE7-715F-487C-938F-09A6CDE6F9A6","ObjectType":"Container"}},{"Properties":{"domain":"IT420REDTEAM.LOCAL","name":"OREYES@IT420REDTEAM.LOCAL","distinguishedname":"CN=OMAR REYES,CN=USERS,DC=IT420REDTEAM,DC=LOCAL","domainsid":"S-1-5-21-2140697730-501725795-4172888089","samaccountname":"oreyes","isaclprotected":false,"whencreated":1740082337,"sensitive":false,"dontreqpreauth":false,"passwordnotreqd":false,"unconstraineddelegation":false,"pwdneverexpires":false,"enabled":true,"trustedtoauth":false,"smartcardrequired":false,"encryptedtextpwdallowed":false,"usedeskeyonly":false,"logonscriptenabled":false,"lockedout":false,"passwordcantchange":false,"passwordexpired":false,"lastlogon":1740111036,"lastlogontimestamp":1740111036,"pwdlastset":1740111137,"serviceprincipalnames":[],"hasspn":false,"displayname":"Omar Reyes","email":null,"title":null,"homedirectory":null,"userpassword":null,"unixpassword":null,"unicodepassword":null,"sfupassword":null,"logonscript":null,"useraccountcontrol":512,"profilepath":null,"admincount":false,"supportedencryptiontypes":null,"sidhistory":[]},"AllowedToDelegate":[],"PrimaryGroupSID":"S-1-5-21-2140697730-501725795-4172888089-513","HasSIDHistory":[],"SPNTargets":[],"UnconstrainedDelegation":false,"DomainSID":"S-1-5-21-2140697730-501725795-4172888089","Aces":[{"PrincipalSID":"S-1-5-21-2140697730-501725795-4172888089-512","PrincipalType":"Group","RightName":"Owns","IsInherited":false,"InheritanceHash":""},{"PrincipalSID":"IT420REDTEAM.LOCAL-S-1-5-32-548","PrincipalType":"Group","RightName":"GenericAll","IsInherited":false,"InheritanceHash":""},{"PrincipalSID":"S-1-5-21-2140697730-501725795-4172888089-512","PrincipalType":"Group","RightName":"GenericAll","IsInherited":false,"InheritanceHash":""},{"PrincipalSID":"S-1-5-21-2140697730-501725795-4172888089-526","PrincipalType":"Group","RightName":"AddKeyCredentialLink","IsInherited":true,"InheritanceHash":"222A3045AAF14E501A8702596A7E5893B969F19E"},{"PrincipalSID":"S-1-5-21-2140697730-501725795-4172888089-527","PrincipalType":"Group","RightName":"AddKeyCredentialLink","IsInherited":true,"InheritanceHash":"72B1DF43741CD4FC9852E648C2BBDFC8F94E7B7B"},{"PrincipalSID":"S-1-5-21-2140697730-501725795-4172888089-519","PrincipalType":"Group","RightName":"GenericAll","IsInherited":true,"InheritanceHash":"E9E36CAC6CDBA5D3D100B6790027BA209E0E28A1"},{"PrincipalSID":"IT420REDTEAM.LOCAL-S-1-5-32-544","PrincipalType":"Group","RightName":"WriteDacl","IsInherited":true,"InheritanceHash":"62C26D4FB3FF64505B03CDD35D648DFBC6C157CC"},{"PrincipalSID":"IT420REDTEAM.LOCAL-S-1-5-32-544","PrincipalType":"Group","RightName":"WriteOwner","IsInherited":true,"InheritanceHash":"62C26D4FB3FF64505B03CDD35D648DFBC6C157CC"},{"PrincipalSID":"IT420REDTEAM.LOCAL-S-1-5-32-544","PrincipalType":"Group","RightName":"AllExtendedRights","IsInherited":true,"InheritanceHash":"62C26D4FB3FF64505B03CDD35D648DFBC6C157CC"},{"PrincipalSID":"IT420REDTEAM.LOCAL-S-1-5-32-544","PrincipalType":"Group","RightName":"GenericWrite","IsInherited":true,"InheritanceHash":"62C26D4FB3FF64505B03CDD35D648DFBC6C157CC"}],"ObjectIdentifier":"S-1-5-21-2140697730-501725795-4172888089-1106","IsDeleted":false,"IsACLProtected":false,"ContainedBy":{"ObjectIdentifier":"B0B13EE7-715F-487C-938F-09A6CDE6F9A6","ObjectType":"Container"}},{"Properties":{"domain":"IT420REDTEAM.LOCAL","name":"IREGINO@IT420REDTEAM.LOCAL","distinguishedname":"CN=IVAN REGINO,OU=EMPLOYEES,DC=IT420REDTEAM,DC=LOCAL","domainsid":"S-1-5-21-2140697730-501725795-4172888089","samaccountname":"iregino","isaclprotected":false,"whencreated":1740082670,"sensitive":false,"dontreqpreauth":false,"passwordnotreqd":false,"unconstraineddelegation":false,"pwdneverexpires":false,"enabled":true,"trustedtoauth":false,"smartcardrequired":false,"encryptedtextpwdallowed":false,"usedeskeyonly":false,"logonscriptenabled":false,"lockedout":false,"passwordcantchange":false,"passwordexpired":false,"lastlogon":1740112096,"lastlogontimestamp":1740112049,"pwdlastset":1740111471,"serviceprincipalnames":[],"hasspn":false,"displayname":"Ivan Regino","email":null,"title":null,"homedirectory":null,"userpassword":null,"unixpassword":null,"unicodepassword":null,"sfupassword":null,"logonscript":null,"useraccountcontrol":512,"profilepath":null,"admincount":false,"supportedencryptiontypes":null,"sidhistory":[]},"AllowedToDelegate":[],"PrimaryGroupSID":"S-1-5-21-2140697730-501725795-4172888089-513","HasSIDHistory":[],"SPNTargets":[],"UnconstrainedDelegation":false,"DomainSID":"S-1-5-21-2140697730-501725795-4172888089","Aces":[{"PrincipalSID":"S-1-5-21-2140697730-501725795-4172888089-512","PrincipalType":"Group","RightName":"Owns","IsInherited":false,"InheritanceHash":""},{"PrincipalSID":"IT420REDTEAM.LOCAL-S-1-5-32-548","PrincipalType":"Group","RightName":"GenericAll","IsInherited":false,"InheritanceHash":""},{"PrincipalSID":"S-1-5-21-2140697730-501725795-4172888089-512","PrincipalType":"Group","RightName":"GenericAll","IsInherited":false,"InheritanceHash":""},{"PrincipalSID":"S-1-5-21-2140697730-501725795-4172888089-526","PrincipalType":"Group","RightName":"AddKeyCredentialLink","IsInherited":true,"InheritanceHash":"222A3045AAF14E501A8702596A7E5893B969F19E"},{"PrincipalSID":"S-1-5-21-2140697730-501725795-4172888089-527","PrincipalType":"Group","RightName":"AddKeyCredentialLink","IsInherited":true,"InheritanceHash":"72B1DF43741CD4FC9852E648C2BBDFC8F94E7B7B"},{"PrincipalSID":"S-1-5-21-2140697730-501725795-4172888089-519","PrincipalType":"Group","RightName":"GenericAll","IsInherited":true,"InheritanceHash":"E9E36CAC6CDBA5D3D100B6790027BA209E0E28A1"},{"PrincipalSID":"IT420REDTEAM.LOCAL-S-1-5-32-544","PrincipalType":"Group","RightName":"WriteDacl","IsInherited":true,"InheritanceHash":"62C26D4FB3FF64505B03CDD35D648DFBC6C157CC"},{"PrincipalSID":"IT420REDTEAM.LOCAL-S-1-5-32-544","PrincipalType":"Group","RightName":"WriteOwner","IsInherited":true,"InheritanceHash":"62C26D4FB3FF64505B03CDD35D648DFBC6C157CC"},{"PrincipalSID":"IT420REDTEAM.LOCAL-S-1-5-32-544","PrincipalType":"Group","RightName":"AllExtendedRights","IsInherited":true,"InheritanceHash":"62C26D4FB3FF64505B03CDD35D648DFBC6C157CC"},{"PrincipalSID":"IT420REDTEAM.LOCAL-S-1-5-32-544","PrincipalType":"Group","RightName":"GenericWrite","IsInherited":true,"InheritanceHash":"62C26D4FB3FF64505B03CDD35D648DFBC6C157CC"}],"ObjectIdentifier":"S-1-5-21-2140697730-501725795-4172888089-1107","IsDeleted":false,"IsACLProtected":false,"ContainedBy":{"ObjectIdentifier":"620B84E9-AB10-49B6-8149-4DC950AA7527","ObjectType":"OU"}},{"Properties":{"domain":"IT420REDTEAM.LOCAL","name":"REGINO@IT420REDTEAM.LOCAL","distinguishedname":"CN=REGINO H,OU=EMPLOYEES,DC=IT420REDTEAM,DC=LOCAL","domainsid":"S-1-5-21-2140697730-501725795-4172888089","samaccountname":"regino","isaclprotected":false,"whencreated":1740083508,"sensitive":false,"dontreqpreauth":false,"passwordnotreqd":true,"unconstraineddelegation":false,"pwdneverexpires":false,"enabled":false,"trustedtoauth":false,"smartcardrequired":false,"encryptedtextpwdallowed":false,"usedeskeyonly":false,"logonscriptenabled":false,"lockedout":false,"passwordcantchange":false,"passwordexpired":false,"lastlogon":0,"lastlogontimestamp":-1,"pwdlastset":1740112308,"serviceprincipalnames":[],"hasspn":false,"displayname":"regino H","email":null,"title":null,"homedirectory":null,"userpassword":null,"unixpassword":null,"unicodepassword":null,"sfupassword":null,"logonscript":null,"useraccountcontrol":546,"profilepath":null,"admincount":false,"supportedencryptiontypes":null,"sidhistory":[]},"AllowedToDelegate":[],"PrimaryGroupSID":"S-1-5-21-2140697730-501725795-4172888089-513","HasSIDHistory":[],"SPNTargets":[],"UnconstrainedDelegation":false,"DomainSID":"S-1-5-21-2140697730-501725795-4172888089","Aces":[{"PrincipalSID":"S-1-5-21-2140697730-501725795-4172888089-512","PrincipalType":"Group","RightName":"Owns","IsInherited":false,"InheritanceHash":""},{"PrincipalSID":"IT420REDTEAM.LOCAL-S-1-5-32-548","PrincipalType":"Group","RightName":"GenericAll","IsInherited":false,"InheritanceHash":""},{"PrincipalSID":"S-1-5-21-2140697730-501725795-4172888089-512","PrincipalType":"Group","RightName":"GenericAll","IsInherited":false,"InheritanceHash":""},{"PrincipalSID":"S-1-5-21-2140697730-501725795-4172888089-526","PrincipalType":"Group","RightName":"AddKeyCredentialLink","IsInherited":true,"InheritanceHash":"222A3045AAF14E501A8702596A7E5893B969F19E"},{"PrincipalSID":"S-1-5-21-2140697730-501725795-4172888089-527","PrincipalType":"Group","RightName":"AddKeyCredentialLink","IsInherited":true,"InheritanceHash":"72B1DF43741CD4FC9852E648C2BBDFC8F94E7B7B"},{"PrincipalSID":"S-1-5-21-2140697730-501725795-4172888089-519","PrincipalType":"Group","RightName":"GenericAll","IsInherited":true,"InheritanceHash":"E9E36CAC6CDBA5D3D100B6790027BA209E0E28A1"},{"PrincipalSID":"IT420REDTEAM.LOCAL-S-1-5-32-544","PrincipalType":"Group","RightName":"WriteDacl","IsInherited":true,"InheritanceHash":"62C26D4FB3FF64505B03CDD35D648DFBC6C157CC"},{"PrincipalSID":"IT420REDTEAM.LOCAL-S-1-5-32-544","PrincipalType":"Group","RightName":"WriteOwner","IsInherited":true,"InheritanceHash":"62C26D4FB3FF64505B03CDD35D648DFBC6C157CC"},{"PrincipalSID":"IT420REDTEAM.LOCAL-S-1-5-32-544","PrincipalType":"Group","RightName":"AllExtendedRights","IsInherited":true,"InheritanceHash":"62C26D4FB3FF64505B03CDD35D648DFBC6C157CC"},{"PrincipalSID":"IT420REDTEAM.LOCAL-S-1-5-32-544","PrincipalType":"Group","RightName":"GenericWrite","IsInherited":true,"InheritanceHash":"62C26D4FB3FF64505B03CDD35D648DFBC6C157CC"}],"ObjectIdentifier":"S-1-5-21-2140697730-501725795-4172888089-1110","IsDeleted":false,"IsACLProtected":false,"ContainedBy":{"ObjectIdentifier":"620B84E9-AB10-49B6-8149-4DC950AA7527","ObjectType":"OU"}},{"Properties":{"domain":"IT420REDTEAM.LOCAL","name":"KRBTGT@IT420REDTEAM.LOCAL","distinguishedname":"CN=KRBTGT,CN=USERS,DC=IT420REDTEAM,DC=LOCAL","domainsid":"S-1-5-21-2140697730-501725795-4172888089","samaccountname":"krbtgt","isaclprotected":true,"description":"Key Distribution Center Service Account","whencreated":1740078308,"sensitive":false,"dontreqpreauth":false,"passwordnotreqd":false,"unconstraineddelegation":false,"pwdneverexpires":false,"enabled":false,"trustedtoauth":false,"smartcardrequired":false,"encryptedtextpwdallowed":false,"usedeskeyonly":false,"logonscriptenabled":false,"lockedout":false,"passwordcantchange":false,"passwordexpired":false,"lastlogon":0,"lastlogontimestamp":-1,"pwdlastset":1740107108,"serviceprincipalnames":["kadmin/changepw"],"hasspn":true,"displayname":null,"email":null,"title":null,"homedirectory":null,"userpassword":null,"unixpassword":null,"unicodepassword":null,"sfupassword":null,"logonscript":null,"useraccountcontrol":514,"profilepath":null,"admincount":true,"supportedencryptiontypes":["Not defined"],"sidhistory":[]},"AllowedToDelegate":[],"PrimaryGroupSID":"S-1-5-21-2140697730-501725795-4172888089-513","HasSIDHistory":[],"SPNTargets":[],"UnconstrainedDelegation":false,"DomainSID":"S-1-5-21-2140697730-501725795-4172888089","Aces":[{"PrincipalSID":"S-1-5-21-2140697730-501725795-4172888089-512","PrincipalType":"Group","RightName":"Owns","IsInherited":false,"InheritanceHash":""},{"PrincipalSID":"IT420REDTEAM.LOCAL-S-1-5-32-544","PrincipalType":"Group","RightName":"WriteDacl","IsInherited":false,"InheritanceHash":""},{"PrincipalSID":"IT420REDTEAM.LOCAL-S-1-5-32-544","PrincipalType":"Group","RightName":"WriteOwner","IsInherited":false,"InheritanceHash":""},{"PrincipalSID":"IT420REDTEAM.LOCAL-S-1-5-32-544","PrincipalType":"Group","RightName":"AllExtendedRights","IsInherited":false,"InheritanceHash":""},{"PrincipalSID":"IT420REDTEAM.LOCAL-S-1-5-32-544","PrincipalType":"Group","RightName":"GenericWrite","IsInherited":false,"InheritanceHash":""},{"PrincipalSID":"S-1-5-21-2140697730-501725795-4172888089-512","PrincipalType":"Group","RightName":"WriteDacl","IsInherited":false,"InheritanceHash":""},{"PrincipalSID":"S-1-5-21-2140697730-501725795-4172888089-512","PrincipalType":"Group","RightName":"WriteOwner","IsInherited":false,"InheritanceHash":""},{"PrincipalSID":"S-1-5-21-2140697730-501725795-4172888089-512","PrincipalType":"Group","RightName":"AllExtendedRights","IsInherited":false,"InheritanceHash":""},{"PrincipalSID":"S-1-5-21-2140697730-501725795-4172888089-512","PrincipalType":"Group","RightName":"GenericWrite","IsInherited":false,"InheritanceHash":""},{"PrincipalSID":"S-1-5-21-2140697730-501725795-4172888089-519","PrincipalType":"Group","RightName":"WriteDacl","IsInherited":false,"InheritanceHash":""},{"PrincipalSID":"S-1-5-21-2140697730-501725795-4172888089-519","PrincipalType":"Group","RightName":"WriteOwner","IsInherited":false,"InheritanceHash":""},{"PrincipalSID":"S-1-5-21-2140697730-501725795-4172888089-519","PrincipalType":"Group","RightName":"AllExtendedRights","IsInherited":false,"InheritanceHash":""},{"PrincipalSID":"S-1-5-21-2140697730-501725795-4172888089-519","PrincipalType":"Group","RightName":"GenericWrite","IsInherited":false,"InheritanceHash":""}],"ObjectIdentifier":"S-1-5-21-2140697730-501725795-4172888089-502","IsDeleted":false,"IsACLProtected":true,"ContainedBy":{"ObjectIdentifier":"B0B13EE7-715F-487C-938F-09A6CDE6F9A6","ObjectType":"Container"}},{"Properties":{"name":"IUSR@IT420REDTEAM.LOCAL","domainsid":"S-1-5-21-2140697730-501725795-4172888089","domain":"IT420REDTEAM.LOCAL","reconcile":false},"AllowedToDelegate":[],"PrimaryGroupSID":null,"HasSIDHistory":[],"SPNTargets":[],"UnconstrainedDelegation":false,"DomainSID":null,"Aces":[],"ObjectIdentifier":"IT420REDTEAM.LOCAL-S-1-5-17","IsDeleted":false,"IsACLProtected":false,"ContainedBy":null},{"Properties":{"name":"NETWORK SERVICE@IT420REDTEAM.LOCAL","domainsid":"S-1-5-21-2140697730-501725795-4172888089","domain":"IT420REDTEAM.LOCAL","reconcile":false},"AllowedToDelegate":[],"PrimaryGroupSID":null,"HasSIDHistory":[],"SPNTargets":[],"UnconstrainedDelegation":false,"DomainSID":null,"Aces":[],"ObjectIdentifier":"IT420REDTEAM.LOCAL-S-1-5-20","IsDeleted":false,"IsACLProtected":false,"ContainedBy":null}],"meta":{"methods":521215,"type":"users","count":10,"version":6,"collectorversion":"2.5.13.0"}}