{"data":[{"GPOChanges":{"LocalAdmins":[],"RemoteDesktopUsers":[],"DcomUsers":[],"PSRemoteUsers":[],"AffectedComputers":[]},"Properties":{"domain":"IT420REDTEAM.LOCAL","name":"HEADQUARTERSUSERS@IT420REDTEAM.LOCAL","distinguishedname":"OU=HEADQUARTERSUSERS,DC=IT420REDTEAM,DC=LOCAL","domainsid":"S-1-5-21-2140697730-501725795-4172888089","isaclprotected":false,"whencreated":1740078953,"blocksinheritance":false},"Links":[],"ChildObjects":[],"InheritanceHashes":[],"Aces":[{"PrincipalSID":"S-1-5-21-2140697730-501725795-4172888089-512","PrincipalType":"Group","RightName":"Owns","IsInherited":false,"InheritanceHash":""},{"PrincipalSID":"S-1-5-21-2140697730-501725795-4172888089-512","PrincipalType":"Group","RightName":"GenericAll","IsInherited":false,"InheritanceHash":""},{"PrincipalSID":"S-1-5-21-2140697730-501725795-4172888089-519","PrincipalType":"Group","RightName":"GenericAll","IsInherited":true,"InheritanceHash":"E9E36CAC6CDBA5D3D100B6790027BA209E0E28A1"},{"PrincipalSID":"IT420REDTEAM.LOCAL-S-1-5-32-544","PrincipalType":"Group","RightName":"WriteDacl","IsInherited":true,"InheritanceHash":"62C26D4FB3FF64505B03CDD35D648DFBC6C157CC"},{"PrincipalSID":"IT420REDTEAM.LOCAL-S-1-5-32-544","PrincipalType":"Group","RightName":"WriteOwner","IsInherited":true,"InheritanceHash":"62C26D4FB3FF64505B03CDD35D648DFBC6C157CC"},{"PrincipalSID":"IT420REDTEAM.LOCAL-S-1-5-32-544","PrincipalType":"Group","RightName":"GenericWrite","IsInherited":true,"InheritanceHash":"62C26D4FB3FF64505B03CDD35D648DFBC6C157CC"}],"ObjectIdentifier":"8290DB9F-C95D-4621-9B9E-D72E9AE14E3E","IsDeleted":false,"IsACLProtected":false,"ContainedBy":{"ObjectIdentifier":"S-1-5-21-2140697730-501725795-4172888089","ObjectType":"Domain"}},{"GPOChanges":{"LocalAdmins":[],"RemoteDesktopUsers":[],"DcomUsers":[],"PSRemoteUsers":[],"AffectedComputers":[]},"Properties":{"domain":"IT420REDTEAM.LOCAL","name":"EMPLOYEES@IT420REDTEAM.LOCAL","distinguishedname":"OU=EMPLOYEES,DC=IT420REDTEAM,DC=LOCAL","domainsid":"S-1-5-21-2140697730-501725795-4172888089","isaclprotected":false,"whencreated":1740078970,"blocksinheritance":false},"Links":[],"ChildObjects":[],"InheritanceHashes":[],"Aces":[{"PrincipalSID":"S-1-5-21-2140697730-501725795-4172888089-512","PrincipalType":"Group","RightName":"Owns","IsInherited":false,"InheritanceHash":""},{"PrincipalSID":"S-1-5-21-2140697730-501725795-4172888089-512","PrincipalType":"Group","RightName":"GenericAll","IsInherited":false,"InheritanceHash":""},{"PrincipalSID":"S-1-5-21-2140697730-501725795-4172888089-519","PrincipalType":"Group","RightName":"GenericAll","IsInherited":true,"InheritanceHash":"E9E36CAC6CDBA5D3D100B6790027BA209E0E28A1"},{"PrincipalSID":"IT420REDTEAM.LOCAL-S-1-5-32-544","PrincipalType":"Group","RightName":"WriteDacl","IsInherited":true,"InheritanceHash":"62C26D4FB3FF64505B03CDD35D648DFBC6C157CC"},{"PrincipalSID":"IT420REDTEAM.LOCAL-S-1-5-32-544","PrincipalType":"Group","RightName":"WriteOwner","IsInherited":true,"InheritanceHash":"62C26D4FB3FF64505B03CDD35D648DFBC6C157CC"},{"PrincipalSID":"IT420REDTEAM.LOCAL-S-1-5-32-544","PrincipalType":"Group","RightName":"GenericWrite","IsInherited":true,"InheritanceHash":"62C26D4FB3FF64505B03CDD35D648DFBC6C157CC"}],"ObjectIdentifier":"620B84E9-AB10-49B6-8149-4DC950AA7527","IsDeleted":false,"IsACLProtected":false,"ContainedBy":{"ObjectIdentifier":"S-1-5-21-2140697730-501725795-4172888089","ObjectType":"Domain"}},{"GPOChanges":{"LocalAdmins":[],"RemoteDesktopUsers":[],"DcomUsers":[],"PSRemoteUsers":[],"AffectedComputers":[]},"Properties":{"domain":"IT420REDTEAM.LOCAL","name":"VEENDORS@IT420REDTEAM.LOCAL","distinguishedname":"OU=VEENDORS,DC=IT420REDTEAM,DC=LOCAL","domainsid":"S-1-5-21-2140697730-501725795-4172888089","isaclprotected":false,"whencreated":1740078985,"blocksinheritance":false},"Links":[],"ChildObjects":[],"InheritanceHashes":[],"Aces":[{"PrincipalSID":"S-1-5-21-2140697730-501725795-4172888089-512","PrincipalType":"Group","RightName":"Owns","IsInherited":false,"InheritanceHash":""},{"PrincipalSID":"S-1-5-21-2140697730-501725795-4172888089-512","PrincipalType":"Group","RightName":"GenericAll","IsInherited":false,"InheritanceHash":""},{"PrincipalSID":"S-1-5-21-2140697730-501725795-4172888089-519","PrincipalType":"Group","RightName":"GenericAll","IsInherited":true,"InheritanceHash":"E9E36CAC6CDBA5D3D100B6790027BA209E0E28A1"},{"PrincipalSID":"IT420REDTEAM.LOCAL-S-1-5-32-544","PrincipalType":"Group","RightName":"WriteDacl","IsInherited":true,"InheritanceHash":"62C26D4FB3FF64505B03CDD35D648DFBC6C157CC"},{"PrincipalSID":"IT420REDTEAM.LOCAL-S-1-5-32-544","PrincipalType":"Group","RightName":"WriteOwner","IsInherited":true,"InheritanceHash":"62C26D4FB3FF64505B03CDD35D648DFBC6C157CC"},{"PrincipalSID":"IT420REDTEAM.LOCAL-S-1-5-32-544","PrincipalType":"Group","RightName":"GenericWrite","IsInherited":true,"InheritanceHash":"62C26D4FB3FF64505B03CDD35D648DFBC6C157CC"}],"ObjectIdentifier":"A6618D8C-3465-498C-BF18-C418BFEE79BA","IsDeleted":false,"IsACLProtected":false,"ContainedBy":{"ObjectIdentifier":"S-1-5-21-2140697730-501725795-4172888089","ObjectType":"Domain"}},{"GPOChanges":{"LocalAdmins":[],"RemoteDesktopUsers":[],"DcomUsers":[],"PSRemoteUsers":[],"AffectedComputers":[{"ObjectIdentifier":"S-1-5-21-2140697730-501725795-4172888089-1000","ObjectType":"Computer"}]},"Properties":{"domain":"IT420REDTEAM.LOCAL","name":"DOMAIN CONTROLLERS@IT420REDTEAM.LOCAL","distinguishedname":"OU=DOMAIN CONTROLLERS,DC=IT420REDTEAM,DC=LOCAL","domainsid":"S-1-5-21-2140697730-501725795-4172888089","isaclprotected":false,"description":"Default container for domain controllers","whencreated":1740078186,"blocksinheritance":false},"Links":[{"IsEnforced":false,"GUID":"C4D8CFDE-65EB-46A1-8483-575941CC2CE1"}],"ChildObjects":[],"InheritanceHashes":[],"Aces":[{"PrincipalSID":"S-1-5-21-2140697730-501725795-4172888089-512","PrincipalType":"Group","RightName":"Owns","IsInherited":false,"InheritanceHash":""},{"PrincipalSID":"S-1-5-21-2140697730-501725795-4172888089-512","PrincipalType":"Group","RightName":"WriteDacl","IsInherited":false,"InheritanceHash":""},{"PrincipalSID":"S-1-5-21-2140697730-501725795-4172888089-512","PrincipalType":"Group","RightName":"WriteOwner","IsInherited":false,"InheritanceHash":""},{"PrincipalSID":"S-1-5-21-2140697730-501725795-4172888089-512","PrincipalType":"Group","RightName":"GenericWrite","IsInherited":false,"InheritanceHash":""},{"PrincipalSID":"S-1-5-21-2140697730-501725795-4172888089-519","PrincipalType":"Group","RightName":"GenericAll","IsInherited":true,"InheritanceHash":"E9E36CAC6CDBA5D3D100B6790027BA209E0E28A1"},{"PrincipalSID":"IT420REDTEAM.LOCAL-S-1-5-32-544","PrincipalType":"Group","RightName":"WriteDacl","IsInherited":true,"InheritanceHash":"62C26D4FB3FF64505B03CDD35D648DFBC6C157CC"},{"PrincipalSID":"IT420REDTEAM.LOCAL-S-1-5-32-544","PrincipalType":"Group","RightName":"WriteOwner","IsInherited":true,"InheritanceHash":"62C26D4FB3FF64505B03CDD35D648DFBC6C157CC"},{"PrincipalSID":"IT420REDTEAM.LOCAL-S-1-5-32-544","PrincipalType":"Group","RightName":"GenericWrite","IsInherited":true,"InheritanceHash":"62C26D4FB3FF64505B03CDD35D648DFBC6C157CC"}],"ObjectIdentifier":"AE89948F-03A2-4CF8-B259-934BF778D858","IsDeleted":false,"IsACLProtected":false,"ContainedBy":{"ObjectIdentifier":"S-1-5-21-2140697730-501725795-4172888089","ObjectType":"Domain"}}],"meta":{"methods":521215,"type":"ous","count":4,"version":6,"collectorversion":"2.5.13.0"}}