{"data":[{"Properties":{"domain":"IT420REDTEAM.LOCAL","name":"DEFAULT DOMAIN CONTROLLERS POLICY@IT420REDTEAM.LOCAL","distinguishedname":"CN={6AC1786C-016F-11D2-945F-00C04FB984F9},CN=POLICIES,CN=SYSTEM,DC=IT420REDTEAM,DC=LOCAL","domainsid":"S-1-5-21-2140697730-501725795-4172888089","isaclprotected":true,"whencreated":1740078184,"gpcpath":"\\\\IT420REDTEAM.LOCAL\\SYSVOL\\IT420REDTEAM.LOCAL\\POLICIES\\{6AC1786C-016F-11D2-945F-00C04FB984F9}"},"Aces":[{"PrincipalSID":"S-1-5-21-2140697730-501725795-4172888089-512","PrincipalType":"Group","RightName":"Owns","IsInherited":false,"InheritanceHash":""},{"PrincipalSID":"S-1-5-21-2140697730-501725795-4172888089-512","PrincipalType":"Group","RightName":"WriteDacl","IsInherited":false,"InheritanceHash":""},{"PrincipalSID":"S-1-5-21-2140697730-501725795-4172888089-512","PrincipalType":"Group","RightName":"WriteOwner","IsInherited":false,"InheritanceHash":""},{"PrincipalSID":"S-1-5-21-2140697730-501725795-4172888089-512","PrincipalType":"Group","RightName":"GenericWrite","IsInherited":false,"InheritanceHash":""},{"PrincipalSID":"S-1-5-21-2140697730-501725795-4172888089-519","PrincipalType":"Group","RightName":"WriteDacl","IsInherited":false,"InheritanceHash":""},{"PrincipalSID":"S-1-5-21-2140697730-501725795-4172888089-519","PrincipalType":"Group","RightName":"WriteOwner","IsInherited":false,"InheritanceHash":""},{"PrincipalSID":"S-1-5-21-2140697730-501725795-4172888089-519","PrincipalType":"Group","RightName":"GenericWrite","IsInherited":false,"InheritanceHash":""}],"ObjectIdentifier":"C4D8CFDE-65EB-46A1-8483-575941CC2CE1","IsDeleted":false,"IsACLProtected":true,"ContainedBy":null},{"Properties":{"domain":"IT420REDTEAM.LOCAL","name":"DEFAULT DOMAIN POLICY@IT420REDTEAM.LOCAL","distinguishedname":"CN={31B2F340-016D-11D2-945F-00C04FB984F9},CN=POLICIES,CN=SYSTEM,DC=IT420REDTEAM,DC=LOCAL","domainsid":"S-1-5-21-2140697730-501725795-4172888089","isaclprotected":true,"whencreated":1740078184,"gpcpath":"\\\\IT420REDTEAM.LOCAL\\SYSVOL\\IT420REDTEAM.LOCAL\\POLICIES\\{31B2F340-016D-11D2-945F-00C04FB984F9}"},"Aces":[{"PrincipalSID":"S-1-5-21-2140697730-501725795-4172888089-512","PrincipalType":"Group","RightName":"Owns","IsInherited":false,"InheritanceHash":""},{"PrincipalSID":"S-1-5-21-2140697730-501725795-4172888089-512","PrincipalType":"Group","RightName":"WriteDacl","IsInherited":false,"InheritanceHash":""},{"PrincipalSID":"S-1-5-21-2140697730-501725795-4172888089-512","PrincipalType":"Group","RightName":"WriteOwner","IsInherited":false,"InheritanceHash":""},{"PrincipalSID":"S-1-5-21-2140697730-501725795-4172888089-512","PrincipalType":"Group","RightName":"GenericWrite","IsInherited":false,"InheritanceHash":""},{"PrincipalSID":"S-1-5-21-2140697730-501725795-4172888089-519","PrincipalType":"Group","RightName":"WriteDacl","IsInherited":false,"InheritanceHash":""},{"PrincipalSID":"S-1-5-21-2140697730-501725795-4172888089-519","PrincipalType":"Group","RightName":"WriteOwner","IsInherited":false,"InheritanceHash":""},{"PrincipalSID":"S-1-5-21-2140697730-501725795-4172888089-519","PrincipalType":"Group","RightName":"GenericWrite","IsInherited":false,"InheritanceHash":""}],"ObjectIdentifier":"BCAC98C7-37FE-4ABE-B557-B71A68886735","IsDeleted":false,"IsACLProtected":true,"ContainedBy":null}],"meta":{"methods":521215,"type":"gpos","count":2,"version":6,"collectorversion":"2.5.13.0"}}